id,Name,email,gender
1,Kendre,kseamark0@alibaba.com,Female
2,Catrina,censley1@so-net.ne.jp,Female
3,Paolo,pharrowsmith2@disqus.com,Male
4,Germain,gcomi3@princeton.edu,Male
5,Ynez,ypallent4@ucoz.ru,Female
6,Albertine,ameaker5@bandcamp.com,Female
7,Piotr,pdymock6@privacy.gov.au,Male
8,Jilleen,jtorrance7@wix.com,Female
9,Jamison,jbalazs8@google.pl,Male
10,Ryan,rwhickman9@chicagotribune.com,Male
11,Helene,hbernota@amazon.co.uk,Female
12,Zaccaria,zvanarsdaleb@smugmug.com,Male
13,Brita,bmcgonaglec@hexun.com,Female
14,Kimmi,kcorrand@drupal.org,Female
15,Rab,rspradbrowe@va.gov,Male
16,Cherry,cpringellf@smh.com.au,Female
17,Trenna,ttrevilliong@statcounter.com,Female
18,Dayle,dhornbuckleh@webeden.co.uk,Female
19,Alyosha,asearighti@vk.com,Male
20,Eal,echadwenj@nydailynews.com,Male
21,Konstance,kdibartolomeok@cbslocal.com,Female
22,Albert,aambrozl@reference.com,Male
23,Inger,ipauleitm@dagondesign.com,Male
24,Gerek,ggerrietn@oaic.gov.au,Bigender
25,Georgine,gswinfordo@usatoday.com,Female
26,Trstram,tfraginop@squidoo.com,Male
27,Maisie,mbettanayq@epa.gov,Female
28,Kirstin,kdowngater@illinois.edu,Female
29,Micky,mcordeuxs@kickstarter.com,Female
30,Reggy,rharmst@woothemes.com,Male
31,Melli,mjobbinsu@yelp.com,Female
32,Brenna,blanhamv@senate.gov,Female
33,Perceval,pgoddardw@printfriendly.com,Male
34,Dov,dnovikx@guardian.co.uk,Male
35,Dallis,dsheeringy@bravesites.com,Male
36,Alexa,acreaserz@wordpress.org,Female
37,Gawain,gmartusewicz10@techcrunch.com,Male
38,Lucho,lrolinson11@alibaba.com,Male
39,Tawsha,twollen12@arizona.edu,Female
40,Angie,alongstreeth13@ed.gov,Male
41,Tanny,tsleany14@shinystat.com,Polygender
42,Chrissie,cdiggons15@addthis.com,Female
43,Lianna,lmacquaker16@reference.com,Female
44,Donavon,dmerigon17@canalblog.com,Male
45,Hadleigh,hdemangel18@usnews.com,Male
46,Lyndel,lmazey19@nhs.uk,Female
47,Tomasina,tmithun1a@google.de,Female
48,Adam,abreckin1b@cargocollective.com,Male
49,Gerome,gborsay1c@xing.com,Male
50,Manya,mulyatt1d@barnesandnoble.com,Female
